{"cameraMode":{"drawMode":0,"name":"Shaded","section":"Shading Mode"},"sceneLighting":false,"audioPlay":false,"sceneViewState":{"m_AlwaysRefresh":false,"showFog":true,"showSkybox":true,"showFlares":true,"showImageEffects":true,"showParticleSystems":true,"showVisualEffectGraphs":true,"m_FxEnabled":true},"in2DMode":false,"pivot":{"x":15.375125885009766,"y":-9.142127990722657,"z":29.721771240234376},"rotation":{"x":-0.5673430562019348,"y":0.047750744968652728,"z":-0.022406328469514848,"w":-0.8231552243232727},"size":20.404077529907228,"orthographic":false}