{"cameraMode":{"drawMode":0,"name":"Shaded","section":"Shading Mode"},"sceneLighting":false,"audioPlay":false,"sceneViewState":{"m_AlwaysRefresh":false,"showFog":true,"showSkybox":true,"showFlares":true,"showImageEffects":true,"showParticleSystems":true,"showVisualEffectGraphs":true,"m_FxEnabled":true},"in2DMode":false,"pivot":{"x":-1.1946191787719727,"y":-112.492919921875,"z":-191.04786682128907},"rotation":{"x":0.014753072522580624,"y":-0.9687404036521912,"z":0.24953141808509828,"w":0.03374927490949631},"size":136.98573303222657,"orthographic":false}