{"cameraMode":{"drawMode":0,"name":"Shaded","section":"Shading Mode"},"sceneLighting":false,"audioPlay":false,"sceneViewState":{"m_AlwaysRefresh":false,"showFog":true,"showSkybox":true,"showFlares":true,"showImageEffects":true,"showParticleSystems":true,"showVisualEffectGraphs":true,"m_FxEnabled":true},"in2DMode":false,"pivot":{"x":258.0946350097656,"y":347.4154357910156,"z":-232.39993286132813},"rotation":{"x":-0.04520351439714432,"y":0.14497467875480653,"z":-0.00008181329758372158,"w":0.9894449710845947},"size":136.98573303222657,"orthographic":false}